<?xml version="1.0" encoding="UTF-8"?>
<beans xmlns="http://www.springframework.org/schema/beans" xmlns:xsi="http://www.w3.org/2001/XMLSchema-instance" xsi:schemaLocation="http://www.springframework.org/schema/beans     http://www.springframework.org/schema/beans/spring-beans-3.0.xsd">
     
    <!-- Definition For Employee Bean -->
    <bean id="employee" class="entities.Employee">     
        <!-- Injecting Primitive Values As Dependencies-->
        <property name="EmployeeId">
            <value>12345</value>
        </property>
        <property name="EmployeeName">
            <value>Harriet</value>
        </property>
        <property name="Salary">
            <value>40000</value>
        </property>
        <property name="businessunit">
            <value>PES-BU</value>
        </property>
        <property name="Age">
            <value>30</value>
        </property>
    </bean>
    <bean id="Sbu" class="entities.Sbu" >
<property name="sbuCode" value="PES-BU" />
<property name="sbuName" value="Product Engineering Services" />
<property name="sbuHead" value="Kiran Rao" />

</bean>

</beans>