<?xml version="1.0" encoding="UTF-8"?>
<beans xmlns="http://www.springframework.org/schema/beans"
	xmlns:xsi="http://www.w3.org/2001/XMLSchema-instance"
	xmlns:context="http://www.springframework.org/schema/context"
	xsi:schemaLocation="http://www.springframework.org/schema/beans http://www.springframework.org/schema/beans/spring-beans-4.3.xsd
		http://www.springframework.org/schema/context http://www.springframework.org/schema/context/spring-context-4.3.xsd">

<bean id="em1" class="problem4.Employee" >
<property name="ids" value="123456" />
<property name="name" value="Harriet" />
<property name="salary" value="40000.00" />
<property name="bu" value="PES-BU" />
<property name="age" value="30" />
</bean>
<bean id="em2" class="problem4.Employee" >
<property name="ids" value="123457" />
<property name="name" value="barrit" />
<property name="salary" value="40000.00" />
<property name="bu" value="PES-BU" />
<property name="age" value="30" />
</bean>

<bean id="sbu" class="problem4.Sbu" >
<property name="sbucode" value="pes-bu" />
<property name="sbuName" value="engineering services" />
<property name="sbuHead" value="kiran rao" />
<property name="emplist">
        <list value-type="java.util.List">
            <ref bean="em1"/>
            <ref bean="em2"/>
        </list>
    </property>
</bean>
</beans>