<?xml version="1.0" encoding="UTF-8"?>
<beans xmlns="http://www.springframework.org/schema/beans" xmlns:xsi="http://www.w3.org/2001/XMLSchema-instance" xsi:schemaLocation="http://www.springframework.org/schema/beans     http://www.springframework.org/schema/beans/spring-beans-3.0.xsd">
     
    <!-- Definition For Employee Bean -->
    <bean id="employee" class="assignment_problem.Employee_Details">     
        <!-- Injecting Primitive Values As Dependencies-->
        <property name="EmpId">
            <value>12345</value>
        </property>
        <property name="EmpName">
            <value>Harriet</value>
        </property>
        <property name="EmpAge">
            <value>40000</value>
        </property>
        <property name="EmpSal">
            <value>20000</value>
        </property>
        <property name="BusinessUnit">
            <value>PB-Us</value>
        </property>
    </bean>
</beans>